{
    "00000": "",
    "00100": " ",
    "10111": "q",
    "10011": "w",
    "00001": "e",
    "01010": "r",
    "10000": "t",
    "10101": "y",
    "00111": "u",
    "00110": "i",
    "11000": "o",
    "10110": "p",
    "00011": "a",
    "00101": "s",
    "01001": "d",
    "01101": "f",
    "11010": "g",
    "10100": "h",
    "01011": "j",
    "01111": "k",
    "10010": "l",
    "10001": "z",
    "11101": "x",
    "01110": "c",
    "11110": "v",
    "11001": "b",
    "01100": "n",
    "11100": "m",
    "01000": "\n",
    "00010": "\r"
}